ResponseIdHash,Q11_5,code1,code2,code3,code4,code5,code6
ebe7e2ced50f721ada0b8552cb92b674,It will make people lazy,overreliance,,,,,
d0c7e0a42fa2d87efddb206419a96dd4,damage to other planets,environmental-harm,extinction,,,,
9f9909863f1776fbbf302c680b717b0c,It would most likely increase criminal activity. ,aid-criminal,,,,,
e7d78d62726d0ffa042e06eeb5b90523,"Misinformation and distorted knowledge, Promotion of harmful ideologies, Undermining trust in educational resources, Polarization and division",misinformation,bias,distrust-institution,social-division,,
5e338c0647ee49bc22f8d062090490ba,screw up my finances,financial-disturbance,,,,,
2a42751454906089da1c9bdc104ee8a4,The negative impact is that the young child could be exposed to inappropriate things that the parent or grandparent would not want them to be exposed to.,misinformation,manipulate-people,mental-harm,,,
564affc289d5b70ab233da089cba347f,Death of millions of people,extinction,physical-harm,war,,,
0247931335c73a0b4bbbe16232fb2dc8,addiction to it and forget the real people. ,overreliance,social-isolation,,,,
653c94b6651f81771acd859bbedc7778,"Honestly, those who are moderately to severely mentally impaired could cause many unintentional malicious consequences if left alone with Tech-X/ Tech-X 10.",overreliance,mental-harm,incorrect-ai-output,unqualified-accessibility,,
961edca230872c3041494709cb2828a4,"I wouldn't get the best quality items or the most beneficial items, but instead would receive items the company is trying to get rid of to maximize profits.",manipulate-people,business-use,lower-quality,,,
968f2ca7ccf8f4032facf3bfc17eb0bd,kill and maim innocent people,physical-harm,,,,,
4b6400df694a607aecce753cb8ae98f7,"There would be an even greater division between the rich and poor, those who have access to the benefits of AI versus those who don't or can't afford it.",social-division,economic-disturbance,minority,,,
535905614be4145ab72d108886e39014,"A world where the individual had no choices or freedoms, all would be controlled by the rich. More extreme than presently.",bias,social-division,manipulate-people,economic-disturbance,,
25e7d0b46bf512aaca3bef34379ffa63,Your bank accounts could be compromised or your home robbed.,aid-criminal,financial-disturbance,data-security-privacy-risk,,,
780a10ee6a2804304f34d18ec72394bc,"Tech-X 10 would fail to see the human side of the people it serves, and be unable to meet their individual needs.",bias,mental-harm,incorrect-ai-output,,,
2ce49311b031cfd15806cf7527e32cc5,false faith that AI suppositions are error free and process goes forth without judgment,overreliance,incorrect-ai-output,,,,
0030c892193501bc88d8401f8939bfc9,"Personal data has already been stolen for a while, and people are tired of it. That's one more reason to reject technology. The more advanced AI becomes, the less people will let it be in control.",overreliance,data-security-privacy-risk,distrust-ai,,,
ae7bd2ea37c78ccc8443713792f9622d,The outcome would be AI “deciding” who warrants health care/ which can led to death.,bias,distrust-institution,mental-harm,physical-harm,,
38360af12146a94e506b7bb5d01ef238,Conspiracy theories would flourish and mass confusion would be prevalent. This would lead to social disruption.,misinformation,social-division,mental-harm,,,
bf5fe88dfc84a63864b371fec1fb5618,It could cause the owner financial loss.,financial-disturbance,,,,,
d839fe37d4071d458923c7c8728128a3,massive unemployment,human-labor-replacement,,,,,
766754284886a780bbb15f690aeb61f8,Job loss,human-labor-replacement,,,,,
846292910608f619a6bdbfe1146a15f9,it could make people believe climate change isn't really a problem,misinformation,bias,,,,
674058f384141831d39485aa8065cab7,The negative impact this could have is misinforming and misleading the audience. ,misinformation,manipulate-people,,,,
ff79ba1da1454746a92e9b2496f0f5fc,people could be poorly affected by misinformation,misinformation,,,,,
c9e7827fbe7e042a1f05fa5c13856285,"It would bring down our government, politicians as well as other countries. That not being the negative part but it would awaken a lot of people who would not know how to deal with the truth ",misinformation,distrust-institution,social-division,mental-harm,,
8f7d2fcc92635f2f4b718635e6cc86ed,The machine could be corrupted and cause major damage to the users life/situation.  ,incorrect-ai-output,general-harm,,,,
b4d65aceed0a76a38751abc6ad15d7a6,"Patients might not receive adequate healthcare and people might have to move to another geographic location, against their will.",economic-disturbance,hinder-medical-care,,,,
0b4a08fa2ef9537fa294d82a12d074b5,It would result in identity theft .,data-security-privacy-risk,,,,,
3f056792ae1110b2d15d925d0b189929,Not reading on our own will have negative impact on not familiarizing how sentences are constructed and how vocabularies are spelled out.,overreliance,impede-learning,,,,
643eb5ce5ffd4628b7df95fb2a9a989b,there would be o trust in the market,distrust-institution,economic-disturbance,distrust-ai,,,
e9600de19374e80684b238230ab21961,"It could cause accidents, loss of lives and property damages.",financial-disturbance,physical-harm,,,,
a9f184c26c6727739a63a18fe6688c1f,People would die all around the world.,extinction,physical-harm,war,,,
5e6fcb4004f2703be9d4f5b9c03dae57,Information could lead to potentially violence repercussions,misinformation,social-division,mental-harm,physical-harm,,
e5b58d055cf7e85a1556295276f8c7dc,There would be a lot of misinformation out there.,misinformation,,,,,
a7fc499ed69ded16e23e00c2a36f9a9c,Accidents all over into crush of robots and humans ,physical-harm,,,,,
60d44adef99af5be796b2dd24bd33f26,"someone who relies on the technology will also fail, like falling",overreliance,,,,,
a64ddcf323c53bfc242426f09458455f,They will not have a job anymore,human-labor-replacement,,,,,
32402c6238774f7c806e3cb21c0e573d,Fees and fines really mess up a budget,financial-disturbance,,,,,
ad3019edd73f89e90c5ad6abeb498d98,laziness among the youth,overreliance,,,,,
20201c2b66ffd464d8b6adbdfc3836f4,I suppose the AI could start turning on certain groups of people and herm they're back instead of helper it to feel better.,bias,mental-harm,minority,,,
91e80106d7eef35614d2487cd3b7e050,No negative impact,no-harm,,,,,
639b208cd22831cafac610ae39c25011,Untimely deaths and people not getting treatments that could save their life.,physical-harm,hinder-medical-care,,,,
0a4c7e28657b6bd5fd5ba055938b5c69,"Could stop people from having good creidt and prevent htem from buying homes, renting, employment etc. Its a big deal ",financial-disturbance,,,,,
e79299a8b60775bbab62b06615651ed6,"If someone who wants to cause harm gets into the system, they might change the results and give wrong information. This could lead to wrong treatments and hurt patients. Also, if the AI makes mistakes or faces unexpected problems, people might stop trusting it. ",misinformation,incorrect-ai-output,distrust-ai,hinder-medical-care,,
72d216b8c94c89767a52f72ef140705f,when these machines are hacked they can hurt their owners.,physical-harm,hacking-risk,,,,
900a8f0272e58439d2a91aaddc15a18a,Rival companies might used such information to their advantage  ,business-use,,,,,
c2330b9ddea7a69804f109cde289dab8,none,no-harm,,,,,
afce71b3334590a354ae67b677d6fdd2,"Severe income disparities, civil unrest, cultural wars, idol worship, public manipulation, and mass chaos",social-division,manipulate-people,economic-disturbance,general-harm,,
ce49ac6376affcbdd899736814030a51,The job market and economy would be destroyed.,economic-disturbance,human-labor-replacement,,,,
8859bc3ba5e0989f9c947f2575b9ce70,Power is always the incentive for war. The negative impact would be possibly the total destruction of earth.,extinction,war,,,,
9ff9b390943cc8629f962d25e2256f01,citizens could be killed or attacked.,physical-harm,,,,,
ffdd3b62fdaa6c976ada1f608d7a7e67,People would be hurt from the resulting products and actions people would make,mental-harm,physical-harm,general-harm,,,
5016b067c4ed4b5fb06d464726420292,not enrich the poor but the rich instead.,economic-disturbance,,,,,
01a0e4073dac4963ada149d17b8945bc,It can cause one to break down,mental-harm,,,,,
6a6c9271a5ab78b1b613ff8ee38f7635,The prices of the new technology would go up. Rent seekers would hold us hostage. ,financial-disturbance,economic-disturbance,,,,
7125390f48fc38d228e6ad642bd87a1e,It would infect my computer and cause it not to function properly.,hacking-risk,,,,,
27ad98eaae88201d61c8c286ddfd725d,It would delay my work flow,waste-resources-or-time,,,,,
b71cd0421551664a42a80a5356202ddb,It could cause world wars or devastation of the planet.,environmental-harm,extinction,war,,,
407bcbd9bd05e6d015032a835c040ffa,"Obtaining ones security details, obtaining ones credentials, obtain ones personal datas etc. ",data-security-privacy-risk,,,,,
33456d2a9205b6dfc3fe724b9a7d306c,"It wouldn't reach the goal of solving worldwide hunger, but only solving areas or regions of the world that experiences hunger.",bias,economic-disturbance,minority,,,
900abd7e39b2c8074200a115feee2c6d,AI replacing workers at companies/organizations.,human-labor-replacement,,,,,
0fb7330bff3b1ac250258fee41d509b2,,na,,,,,
a6cf5894b9be0560ac2034be738d6b41,Purpose sabotaging people just for laughs or fun. To watch them get hurt or embarrassed in some. Wasting materials.,manipulate-people,mental-harm,waste-resources-or-time,,,
ae7ed37619ea165e965af00092eecd0e,it could result in fraud,manipulate-people,,,,,
83fbbf07b684690de7c8ffb052fc00b5,Reduction in the ability to bring out new ideas,damaging-creativity,,,,,
f69241295af2781a908ddf65314c8595,People wanting to commit suicide maybe.  Also could lead to extreme mental health deteriation,mental-harm,,,,,
0c483d36388a4d439288093086a4ad2b,The information produce by the AI can be use for personal gain thus forth the project is not funded and the homeless stay homeless,misinformation,financial-disturbance,manipulate-people,economic-disturbance,,
5fb5a851b864edcb49609c559aebb9ba,"I could find myself out of a job, or have my work hours cut. ",economic-disturbance,human-labor-replacement,,,,
81c3d7d48c65f49f3aae73635699b162,"financial losses, military domination, toppling government officials.",aid-criminal,financial-disturbance,war,,,
2263934e8b1f4de1536e799f5048df8a,People would lose trust in technology ... ,distrust-ai,,,,,
f3ae9e3adb2fcbb94a7a36aeb108c4b3,"blood shed, destruction of homes and lives",physical-harm,war,,,,
0ec32f1c0fdf6a48f22b37519393d06c,Powerful people would be able to extend their lives in power.,bias,social-division,manipulate-people,,,
6c3859497408f69338c4bf67bf36186d,People could lose a lot of money and face legal issues due to identity theft.  People would also lose faith in technology and AI,financial-disturbance,distrust-ai,legal-issues,,,
5416f5a3d7082b96f7a45731948533c7,"The negative impact with unintended consequences could be that the solutions work, but they cause harm to the general public on a mass scale",range,,,,,
c7dfa1be579739405574dd6b8add72e1,the intended recipients would not be helped by the recommendations,incorrect-ai-output,,,,,
7a8c6bfa133a5a484bc1b1126476eada,lost human interaction or caring,mental-harm,social-isolation,,,,
02d7ea41cb0686b59dfd0f0086953c0f,higher social stratification with only select people or groups having access to medical treatments; higher unemployment rates by the previous medical professionals. ,bias,social-division,economic-disturbance,human-labor-replacement,,
3b07b153bd77735e9660df550a4e3536,"Exploitation of vulnerabilities or intentional manipulation could lead to compromised patient safety, with incorrect diagnoses, inappropriate treatments, or exposure of individuals to harmful substances.",manipulate-people,incorrect-ai-output,data-security-privacy-risk,negative-health-wellbeing,,
b71ae93d27511d8a973d6703a4047da3,Some people may not be receiving the most appropriate recommendations,incorrect-ai-output,,,,,
f7e6fff0e588ea3ccf52708e26c2e761,The impact it would cause friends and relatives of the deceased,mental-harm,,,,,
eebddd1037812efb5339581aabdf5446,Fraud,manipulate-people,,,,,
166f542a9b71fb9b076bd36309607beb,creates class based system. Where the inequality gap would be larger than it already is. I am thinking like the movie Elysium. Where those who had the technology were at the top and those who didn't were at the bottom.,bias,social-division,economic-disturbance,range,,
69583295322542a47ef057731748be67,If the task was mainly used in rich countries or rich areas and not fairly distributed ,bias,economic-disturbance,minority,,,
fac37c4217f4f4b503d9aa9642ccff23,"Personalized healthcare through Tech-X/Tech-X 10 may suffer from malicious use cases or unforeseen consequences that endanger patient privacy, result in data breaches, lead to incorrect treatments, and erode public confidence in healthcare institutions.",distrust-institution,incorrect-ai-output,data-security-privacy-risk,negative-health-wellbeing,,
0e5e232bdc2bd0f9675ce47de777cd04,The client will loose the value he had for my designs if he noticed it was generated through AI,lower-quality,distrust-ai,hinder-career,,,
fe233e2441a6759f22243210fcf7a49e,People could be hurt or die.,physical-harm,,,,,
8fe5fdc5266fa67d445c0a3279c5087a,it could steer people into a cult like dependency on AI as a blindly trusted leader.,overreliance,manipulate-people,mental-harm,distrust-ai,,
ead77c31f4416eff0ec73cc08ef81174,Could be illness or death.,physical-harm,,,,,
4747f9cebc660a102f1a3dc6b440990f,is there a negative impact of reptilian extinction?,na,,,,,
bdf64e748de69e98ddadf4b6c4e81e6b,It put the firm at risk ,general-harm,,,,,
406eb3f0b9284ea66e4c4592abc9a42b,"The negative impact would be unintended, unless companies who owned the technology took advantage of the situation financially ",financial-disturbance,manipulate-people,business-use,,,
7d5d5622459a7eb36a13cd0f170b50c5,People would lose jobs and incomes,financial-disturbance,economic-disturbance,human-labor-replacement,,,
0b50b885d43e1fe54a3be3c5c3858481,There can still be misunderstandings and incorrect advice given because the human mind changes every nano second and this technology will not be able to detect those minute changes. ,incorrect-ai-output,miscommunication,,,,
87b666f0d46fac7dba96d8f3afb2e320,possible biological agents or increased lawsuits. ,legal-issues,new-code,,,,
637afe5f72698b3d974c67d2a4491bb7,aggravation of isolation in individuals in case of over-reliance.,overreliance,social-isolation,,,,
a3d4ba394e62883ccb20397ade3a8ccb,Depending on what was recorded it would make legal troubles.,legal-issues,,,,,
c31337f17a3a6080918135cbf7444054,Jail time or federal tax government never finding out therefore having as money to spend on community,financial-disturbance,economic-disturbance,legal-issues,,,
50510a2e37fcb1e917b80eac7078be55,People may get hurt or now know their rights,misinformation,mental-harm,,,,
8f899bfaf20aa9eb784e93c1646b1b7d,It would give people a false view of many different things in life.,misinformation,,,,,
c8afd56386b0f06ac3d2650749e3e80c,People could get sick en mass and maybe even die.,physical-harm,negative-health-wellbeing,,,,
7e478da78dc172b96acbb916ab4d7407,Sponsors could pay to have their products prioritized over competitors when TechX is used to make a grocery list,bias,financial-disturbance,manipulate-people,business-use,,
1112b3671c909db2bf3a13c2f9d0d4ea,"artists would lose their jobs, media would not be as good",lower-quality,human-labor-replacement,,,,
973f53306ffb33946957ecc557ca1e7d,More hackers,hacking-risk,,,,,
5c890ed3111aa0b62f6e6c9886ee4a5a,More people would be hurt,general-harm,,,,,
8332fc1196e0fa130df57140d8945e14,causing physical and psychological harm,mental-harm,physical-harm,,,,
a96868bf40fbb328c199f88102b90fe5,It would make war more deadly.,war,,,,,
da3d78bb54599a46da57b93d42eea012,A select few suffering more than others. ,range,,,,,
3214488d946459ec435b6d24f791647f,People could be discriminated against due to health conditions,bias,distrust-institution,mental-harm,minority,,
42254b30a082cd372051e7ead6598bac,Potential forced depopulation or enforced child limits.,extinction,bias,social-division,general-harm,,
eebffb6f55c3edec57bf08740f002d9d,People in positions of power manipulating those they serve,manipulate-people,,,,,
8f2ff716bc9469b537a985047f22a5a4,"People would lose control potentially over important data, ideas, the technology could create horrible things",manipulate-people,incorrect-ai-output,data-security-privacy-risk,general-harm,,
ab0deb4cac674c320ea222c56ee76a31,Society would become more unequal and those who are less adept with technology would fall behind in work and school settings. ,overreliance,bias,human-labor-replacement,impede-learning,,
9d3eee819752592b3c522e2006560879,an oppressed society and totalitarianism,bias,distrust-institution,social-division,,,
947685b3e2baa963b643a10235078a60,People can lose a lot of money,financial-disturbance,,,,,
a9aeb50b73aa95082fe1bde33c6c765c,Some of the negative impacts of malicious use cases or unintended consequences of Tech-X 10 in healthcare could include: - Increased errors due to overreliance on the technology. - Loss of trust in the healthcare system due to lack of human connection. - Misinterpretation of data leading to incorrect diagnoses or treatments. - Discrimination or bias in the data used to train the technology. - Loss of jobs in the healthcare field due to automation. - Privacy concerns around the collection and use of patient data.,overreliance,bias,distrust-institution,incorrect-ai-output,data-security-privacy-risk,human-labor-replacement
233ce5568aaf2762b8538659eb60a300,People would have their personal lives exposed.,data-security-privacy-risk,,,,,
e4dd7b055afabc79a41cd66017859bde,"It may cause some to only depend on what the Tech-X 10 advises with, instead of being able to pick and choose what they need.",overreliance,,,,,
b9f8bd55cefcd56c366a1ae177bd6875,"Although unviolent, there would be more financial-related crimes.",aid-criminal,financial-disturbance,,,,
375414e96d6516b84488e32cbe997891,"It could ruin a person's entire life. If the Tech-X makes the image realistic enough, that person could be accused of doing something they never done.",misinformation,manipulate-people,mental-harm,legal-issues,,
a6ff26e7202cf1827cd5171b42d9d2da,People would experience a loss of income/livelihood. ,financial-disturbance,economic-disturbance,human-labor-replacement,,,
6be3a88c2edcbbdd99f432e15ccd3124,copyright issues,plagirism,,,,,
0b87da620e35d054fd39c8a7fad732d1,"It might make the user feel unmotivated, uninspired, or unhappy.",mental-harm,,,,,
b902cbdee70eec027d40423fa0dcb788,"Humans are needed in the medical field, completely phasing out humans would lead to a negative impact on society.",human-labor-replacement,hinder-medical-care,,,,
4a0157be005bcb31b0fc8cedc24a16f4,The personal information of people could be stolen and used to harm them,data-security-privacy-risk,,,,,
8fb20e00caf057115dd35b9934edf69e,It could give false information and confuse people as to where they don't know which source of information to trust,misinformation,manipulate-people,distrust-ai,,,
ff45b3f92e2029ca771377f77d592cb4,"Lack of expertise, complete reliance on technology, job losses for employees who work with data ",overreliance,human-labor-replacement,,,,
e78cf8dd2d08f515d5590895836897cf,"Joblessness, crime and bad moral for those people",aid-criminal,bias,economic-disturbance,,,
582a2f35eb7a15fb6791b698f9e56b6f,"Long-term health problems, drug dependency.",negative-health-wellbeing,,,,,
1145f907257825861d2df56393d9c198,Unchecked imbalances in the market ,economic-disturbance,,,,,
9702c0ce856eb00452675e66e02b14ea,Shortage in suppliers or a raise in costs ,financial-disturbance,economic-disturbance,,,,
68ae9acdd93d6b3d1ee0a758cdde777b,people no using it,na,,,,,
16ffaf4d08583a8f721354053829be3b,someone might suffer from it,general-harm,,,,,
4030f029688b03887fbd861f987e20fe,it could cause more hate to a group of people if the wrong kind of people form an opinion based off what is said by the AI.,misinformation,bias,social-division,manipulate-people,,
a9877a54ee851ddad002fb8ffa4b8720,taking money away from other writers and over saturating  the market,financial-disturbance,lower-quality,human-labor-replacement,plagirism,,
d7876299450b29861270955dd39dfad1,people getting rewarded for things they didn't do,bias,financial-disturbance,manipulate-people,,,
27a2f65411018851eee51a9fa4f830ce,,na,,,,,
99effb05434204779a0a08a36774ef27,"many people getting sick, en masse",physical-harm,negative-health-wellbeing,,,,
39d4042f86a82d1c25d97af923aa3a75,Lowered standard of living for the middle and lower class. ,economic-disturbance,,,,,
dedfa49491164e0ec00c39d5a3a3dbb1,Climate change could be made even worse.,environmental-harm,,,,,
d0a8a464d8fcff21525c004c901aea01,people may become addicted to things like social media or something with their new time,overreliance,mental-harm,social-isolation,,,
07d5f4e4c67d4196b9b70a48756e4a44,"Malicious use could result in maiming or death, something of great destruction. Programming could be used to create propaganda.",misinformation,manipulate-people,physical-harm,war,,
274ccf2d376e944c272e6b6ee493c63d,Corruption of their mind or being introduced to inappropriate information,misinformation,manipulate-people,mental-harm,,,
20e70671b62d6df142adc795592b0514,Unauthorized access to this data could lead to identity theft or blackmail.,data-security-privacy-risk,,,,,
b434b39bc72cf71dc413405f111fefc9,People will push oil companies to build more rigs and affecting climate change on the planet.,environmental-harm,manipulate-people,,,,
fc0058c0a20ef161a56ae92727889f57,The negative impact would be stealing others writing and no originality in stories anymore,damaging-creativity,plagirism,,,,
9b6efb4f21fbc248423d5a272150b7d9,It would make it easy for malicious people to have access to the person that is genuine. ,unqualified-accessibility,,,,,
12ae19854da7ef4137be69d5f60aefa9,It could inflate the company's worth,financial-disturbance,,,,,
71ba12f93cba89fe69a6543e0531aa58,"There would be people who would have to go without power, or sacrifice what they can in order to maintain their energy ",financial-disturbance,economic-disturbance,,,,
61fafcd3905a2e12e50519ed7785b7fe,We the people become dumber.,overreliance,impede-learning,,,,
c52feb7e99f977833be9e4d01eb0a05d,The negative impact would be that I no longer have a desire to drive and/or I could become lazy. ,overreliance,,,,,
5d89281741d8f47df529309ef2c2b7b1,The negative impact would be to not trust AI for serious situations.,distrust-ai,,,,,
7e9e81588a805b5050061fa782421c86,i would lose the client,financial-disturbance,,,,,
6eece659c409b7201c57dfc4f48b0f82,The results you obtain will be false.,incorrect-ai-output,,,,,
e48ceccd549b9ead028d1c63fb803199,Fraud and all personal information would be out to everyone and could lead to financial ruin. ,financial-disturbance,manipulate-people,data-security-privacy-risk,,,
dcdccfbdd109d08a6ef6cfd5bfabf80d,"A powerful AI might not necessarily obtain information through ethical means, similar to streaming services that do not pay artists their fair share",financial-disturbance,business-use,data-security-privacy-risk,plagirism,,
00184a91a3df3c0a876619b9c6b3cb62,The spread of war or annihilation. ,extinction,war,,,,
7c04925ea26cee23c8b9f324fb63a306,Get in trouble ,general-harm,,,,,
da0d3d9dba07a9e2210b239222d01a16,"Bad data, leading to bad research. Funding could be lost in this case, even if it were unintentional. ",misinformation,financial-disturbance,incorrect-ai-output,hinder-science,,
f9df7953ba3b6e10ff51f6f7c50aab94,"more people having their financial information stolen, more fraud, and probably a spike in various cybercrimes. ",aid-criminal,financial-disturbance,data-security-privacy-risk,hacking-risk,,
fe6afd166efc31adb84800071e7b93d6,"An even greater proliferation of false, hateful rhetoric.",misinformation,bias,social-division,mental-harm,,
ca9d24745a6bca091ac9ef2b14e0375e,There could be bad equations.,incorrect-ai-output,,,,,
619fe9160723aa29c0967cff62e96c51,People would not do the research themselves so they would not know how cases are connected,overreliance,impede-learning,,,,
57cebc93967710e9bbf5a6cd90668037,An economy that's worse than it already is. Higher unemployment rates that will eventually lead to higher crime rates and more people with mental health problems.,aid-criminal,mental-harm,economic-disturbance,human-labor-replacement,,
1ae1a3fcbb398c41ed1bb34ae8d14c7c,economic crashes and decline.,economic-disturbance,,,,,
8dfa5ce2ebca1f5d287311dde04dce1b,I think it could provide dangerous people with extremely dangerous information.,aid-criminal,misinformation,unqualified-accessibility,terrorism,,
c3aa3e6ebc61bd40fe96742c3d763966,None,no-harm,,,,,
3123a940c679b87f473c6a5b3aa5ea48,"possibly even death, hurt, pain",physical-harm,,,,,
9e93816ec47d887b11ea9e90e2761754,Plagiarism ,plagirism,,,,,
a0d012d92d88248367f0834e1ee2b099,Spreading misinformation in another country / contributing to unrest in another country,misinformation,social-division,war,,,
919e5b2ceb92f3fbfac725def37db6cc,Patients could be harmed or deterred from seeking further treatment,distrust-institution,mental-harm,hinder-medical-care,negative-health-wellbeing,,
d20153b789ae8541bd419e2e17f98838,That people won't get their water.,social-division,physical-harm,economic-disturbance,general-harm,,
ae14a65adf2bfb2916c3cda887c2b496,Bad diagnoses and could kill someone. ,physical-harm,incorrect-ai-output,,,,
377bbc11d455dad4f60fba5753f625fc,Important information could be leaked fall into the hands of someone that could use it in a negative way.,data-security-privacy-risk,,,,,
62ef04859199dac911ec883dfc15eca9,people would become more unhealthy,negative-health-wellbeing,,,,,
8e04378591141b2e35ef032cd314657f,The world would be filled with more ignorance and less tolerance for different cultures.,misinformation,bias,social-division,,,
7abebab1ea76aa1d7464ae24ecbe929b,Damages to the careers of artists,damaging-creativity,hinder-career,,,,
469b021d198c1a1caf576e8dd3c2df03,The negative impact would be that it would cause chaos surrounding this because businesses' will begin to have trust issues and start hating the AI.,distrust-institution,social-division,distrust-ai,,,
9920822ded0ac95fa508433e03625974,"Breach in privacy, maybe even theft of banking information which would lead to identity theft.",financial-disturbance,data-security-privacy-risk,,,,
79a88e82e6bf1eb61ba3d09eca191b22,It would reduce profits of companies and put a stranglehold on economies,financial-disturbance,business-use,economic-disturbance,,,
f62be99d5a8b0876be3e80daecef1330,an increase in unemployment,human-labor-replacement,,,,,
4e80f7e563d7d561b403e5269da8ec30,The negative impact could be injury or death.,physical-harm,,,,,
ffbbe620d41d45714f171a4a2b5041d5,people will have a hard time detect or avoid the evil acts,manipulate-people,,,,,
5a5deb9f2fab81389f3faae056645106,"Death of so many, God forbid. ",physical-harm,,,,,
d840f7993dc6f0bcf50a7b30d3c5a326,"Job loss, shrinking job market, increase of people in poverty due to jobs being eliminated by Tech-X and its variants. ",financial-disturbance,economic-disturbance,human-labor-replacement,,,
3c2c201f2cad0fa1620e19df49b2203b,"It could unintentionally cut programs that are or will be useful to people, but maybe don't appear that way on paper. It may also eliminate human roles in this process.",overreliance,incorrect-ai-output,human-labor-replacement,,,
f4f302f038adb45b396c64d8ec7f84ad,death,physical-harm,,,,,
1a65ef57ad154cfc8e4cc097f6520ec5,if the managerial class is decimated then businesses that make high luxury goods will also become bankrupt unless they start catering to the new middle class that will emerge,business-use,economic-disturbance,human-labor-replacement,,,
9d9f0489173d8bf58d7776781064d88b,more people would struggle financially,financial-disturbance,,,,,
75f8041d206d78ab3b6da747278ffd04,People would get confused or lose assistance,misinformation,mental-harm,distrust-ai,,,
389f14d0ca641b86225e1919e8b23be1,"See Terminator, except Skynet would literally be able to obliterate all of humankind in mere seconds.",extinction,war,,,,
78f006ad883153c135d0966d04314501,Thus reinforcing the machine on that same logic path for future answers..,bias,incorrect-ai-output,,,,
464a0aa35c830ab5c60da6074a029128,"They could be seen as cheaters, and get caught. They could ruin it for everyone else. ",distrust-institution,social-division,manipulate-people,legal-issues,,
b140bdc00402ba4c14545293dff77522,"feeling unsafe with your data, weak security, violated with data breaches",data-security-privacy-risk,,,,,
2c116a69bfaf479b89aff49080b27637,An individual could be falsely accused to lose employment,misinformation,bias,mental-harm,hinder-career,,
14da429eb6ae6f245b7e8f1af33de032,A misinformed society that can be used as a weapon against others.,misinformation,social-division,manipulate-people,,,
bdd4e8e83678df11b2e01203ff4683d0,"Various systems would be compromised, from private computers to government networks..",data-security-privacy-risk,hacking-risk,,,,
a6ba7c0990d982ef0c717583f38aa0af,less job for humans,human-labor-replacement,,,,,
e4ccf943d031e3cfecf9c0be1663b4ad,"Social and economic inequality could come from it, leaving the poor americans even poorer.",social-division,economic-disturbance,minority,,,
c08681761f152d680e9a7925654f6525,Destruction of many friendships and enabling of malicious social interactions.,aid-criminal,mental-harm,social-isolation,,,
0373514cda90fd43543ee029864fb27e,Invasion of privacy,data-security-privacy-risk,,,,,
f685d70741b327e979e91b9f305cd70e,it might make people second guess the plan,distrust-ai,,,,,
e49847926cce2fe7467e00977898d0ef,The medical business wouldn't flourish. Clients would withdraw from seeking medical help.,distrust-institution,economic-disturbance,hinder-medical-care,negative-health-wellbeing,,
57ebda6f8200952856860a7be93f61bb,"The negative impacts of malicious use or unintended consequences of Tech-X 10 include misinformation leading to harm, erosion of trust in scientific processes, privacy breaches, stifled innovation, unintended disruptions, biased outcomes, regulatory challenges, and a loss of public confidence in AI technologies. Addressing these risks requires strict adherence to ethical guidelines, robust regulations, and responsible development practices.",misinformation,bias,distrust-institution,data-security-privacy-risk,,
2d55c8ed04bae785af26592783c04b36,"Cases would go unsolved, take more timr, and convict innocent people",misinformation,bias,incorrect-ai-output,legal-issues,,
cd5b193e2b9f1b5310af11276bf1fa80,Cameras used to keep track of people for the government takes away their privacy. ,data-security-privacy-risk,,,,,
fd7d63a93504c572aa29e08a0e5a6d73,There would be a new racial war based on genetics from birth and would lead to a new class system based on your DNA and medical conditions.,extinction,bias,social-division,war,,
287903b59f693633f1d9bf4f90277698,Someone gets sick or receives misinformation.,misinformation,mental-harm,negative-health-wellbeing,,,
6428ac4ecc1c6c05139873314a4c8b52,Millions of people being layed off or forced into lower wage jobs.,economic-disturbance,human-labor-replacement,,,,
002f0141fe01f54325883072545d4ebb,Privacy and freedom of belief and action stripped. Too powerful and dangerous government. Big businesses would also have a feast with user data that can be sold to business partners and advertisers.,distrust-institution,business-use,data-security-privacy-risk,,,
6fd39d5fe61005e7b92139d80768c5ec,"A lot of hard-working people would be out of jobs and some would go hungry and homeless, even.  The economy would be affected. People could lose their retirement benefits, stocks, savings, or make a potentially fatal medical decision.",financial-disturbance,incorrect-ai-output,economic-disturbance,human-labor-replacement,,
7f57dd83e72171be7e72a03395a08b18,If the Tech-X or TEch-X 10 fails it will lead to lost of life,physical-harm,,,,,
782c7fa6bb672e71054c1913b185221a,A negative impact would be using food ingredients that were not edible or if the component malfunctions and food was not correctly prepared. The unit could also breakdown or not cook items thoroughly.,physical-harm,incorrect-ai-output,general-harm,,,
5f9fbcb4590624fac976e7e5fb64dfcb,"If not properly secured, Tech-X 10 may have access to sensitive financial information, raising concerns about privacy breaches or unauthorized access to personal data.",data-security-privacy-risk,,,,,
7bf1fb876af777da55153e0d417e189b,Someone could end up injured.,physical-harm,,,,,
408aec8cd9123c0f4e3fa16fbda8f859,many things,na,,,,,
97e1c674d2c575a4a4e590923465dd0d,Having students become dumber because they are making it do their math homework for them.,overreliance,impede-learning,,,,
12965e1d523b693632399e895474a72c,People would be killed for piolluting.,na,,,,,
3e3e3e9cbb08a8bdf238bd36cec8a0b9,I could be labeled as a fraud,bias,mental-harm,distrust-ai,legal-issues,,
338ec7076cc4f26e4acd5522a9161132,human race eliminated by machines  ,extinction,,,,,
ff10af1356428ae0930b16bd69eacc77,"Diminished capacity for original ideas, maybe even critical thinking",impede-learning,damaging-creativity,,,,
74a7722ebdd4619831af151dc858f1f4,"The negative impact would be that you are stealing somebody else's work, as well as students who use it to solve math problems will never actually improve at math.",impede-learning,plagirism,,,,
e62e86fb2c66f2b3dfbca71c5ac1d8dd,If many people became crimminals and manipulators it can damaga and even destroy society completely. ,extinction,aid-criminal,social-division,manipulate-people,,
8a5d2d1f40d2de1f14044c7b38f61bf1,The vacationer wouldn't really be getting a personalized trip but would be getting a trip that was based on ads and sponsors.,overreliance,misinformation,bias,manipulate-people,,
3c943b599ad77088ac850dbc06e8803d,Identity theft.  Loss of monetary funds.  Crypto theft.  ,financial-disturbance,data-security-privacy-risk,,,,
fb232fe05988561afe58279f6bbb1e7b,It could potentially harm people or prevent cures from being developed etc. ,physical-harm,general-harm,hinder-medical-care,,,
8dfb97926b6b7f01d195d78d9d57d715,Widespread layoffs in that industry,economic-disturbance,human-labor-replacement,,,,
912469ebd49b69578329dd904454aeb4,Children would be brainwashed,manipulate-people,mental-harm,,,,
4d1bc0230a89034c3956db71249c07c0,"It could be biased against a certain politican or political group, and make them seem like they are lying when they're not.",misinformation,bias,social-division,manipulate-people,,
4c07febef04fd5d0c4cf9c3f4f83e177,Designers using it to charge more or not provide solid enough plans,financial-disturbance,manipulate-people,,,,
77a9cd53417307bf6c3e513690730fc3,negative effects on the children and my job,mental-harm,human-labor-replacement,,,,
173d6c4c691bf7706b856eace33f6c8e,Very much,na,,,,,
a9da1febbc3bcb97d7dc7012e0db07f1,Deaths,physical-harm,,,,,
9e4f19e2e6f2c7231db2d45db757d334,"The individual will lack the knowledge on how to create the powerpoint, meaning they would not be able to help a peer craft one.",overreliance,impede-learning,,,,
c5b37cc2b9e7afd3b8bd36992703f159,"Lack of trust in the ai, restrictions on the ai, ",distrust-ai,,,,,
4d6ac74857368d235a6f43ec5f9b1e18,The person would lose their privacy,data-security-privacy-risk,,,,,
2786a7ba3781fabee16e5c2095b5e165,People not getting the treatment they need or getting sicker. ,incorrect-ai-output,hinder-medical-care,negative-health-wellbeing,,,
a6cc42810af8225db3834b970193861d,I don't have the money to make the changes suggested.,financial-disturbance,,,,,
a636a6f4cde799a77e31fa11052b95d0,My bank account would go in the negative if the AI didn't follow my instructions.,financial-disturbance,,,,,
be3c76b02ea3ca205e2a2a22711128aa,"We could have millions of people, mostly men, being accused of something they may have thought of but Ai predicted wrong",bias,social-division,incorrect-ai-output,legal-issues,,
3a38149269ebe3f0bc99bea65af0f591,They wouldn’t actually learn anything if they had AI give all the answers.,overreliance,impede-learning,,,,
bcb9f2593721bc603fdbbd50073a5602,I can’t think of any,no-harm,,,,,
c3259392956599cb69c56cf11008ab0d,This kind of malicious use cases can lead to misleading discoveries affecting a large stakeholder.,misinformation,manipulate-people,general-harm,,,
73a53ad8225d472278f3a90795146d80,You could use it to selectively support information quickly,misinformation,bias,,,,
a65d618d1ff12a35f7e1cb5a9245360c,We could potential lose everything if bills were not paid especially the mortgage.,financial-disturbance,,,,,
c16e8a2b52da094d23008d2b98e5656e,Someone might fall very ill or even die,physical-harm,,,,,
85e930944101cfe1424c76aef17f62a1,The student wouldn't attain as much knowledge ,impede-learning,,,,,
60c597e9f4fb7b65d344c6f189d24f84,"Harm people, even kill them. Allow them to fall for scams.",manipulate-people,physical-harm,,,,
2e3a9d97346d18a27b19b6a296e0d0c3,If somehow it recommended ingredients be used that had bad ingredients in them that could be very painful for certain family members.,mental-harm,physical-harm,incorrect-ai-output,,,
2108aeeabb6be93fbf52fcb1401a544f," misinformation, exploitation of vulnerabilities or unintended consequences in decision making processes.",misinformation,manipulate-people,incorrect-ai-output,,,
be64a10d93d74ee5b4207a517da511d1,Many people will lose their jobs.,human-labor-replacement,,,,,
86dc823a1acd400cb58358e49a38f495,none,no-harm,,,,,
652f4bdafe601b7f01aa20ee3aab3a2b,it could make things easier for the bad ones ,aid-criminal,,,,,
d234eea3ad3f2612764a2387e15a8757,privacy issues and selection for exclusion,bias,data-security-privacy-risk,,,,
90bb46775d6d850171a5b8b42430a8cc,"If widespread, it could cause a financial meltdown and a complete lack of trust in companies. ",distrust-institution,financial-disturbance,economic-disturbance,,,
45a08d0a08dcc04e608acfd57ad7c811,it could cause loss of private property,financial-disturbance,,,,,
d25d7f72b3f148213c9441670c6f045f,"There would suddenly be an enormous population of people without jobs. And this has already started to happen, at least in creative fields. I'm a professional writer, and my colleagues and I have already had to start fighting against AI being used to generate fiction (which is an easy battle, as AI-generated garbage is inherently plagiaristic theft). Artists had to start fighting that battle before we did, and now musicians are joining the fight against AI, too. This is already happening, and it's incredibly sad. AI's going to come for a variety of jobs in a variety of fields and certainly needs to be stopped.",economic-disturbance,human-labor-replacement,damaging-creativity,plagirism,,
bc3aab74a5807043192f03bb37f76728,A company could get more money than they warrant and their investors would not get a return on their investment.,misinformation,financial-disturbance,manipulate-people,,,
c4c1b130e8c2d0da446099c82ff6fd09,economic and if there is life on other planets-- it could affect the culture of the people,extinction,economic-disturbance,,,,
08e5ec80411e86b34558fb45ec25b0fa,increasing societal destabilization,social-division,,,,,
50b9f2f7b68fb67912f3fdbaad6a55ae,It depends on the person being abused such as a president would have far more consequences that a delivery driver.,range,,,,,
4ba7f92e249b5423c7b0600877db212b,It would lead to faulty tax returns and unafforadable imsurance plans being introduced to someone.,financial-disturbance,incorrect-ai-output,,,,
cf0ff84c4c8c902fed4312f79452badd,"I didn't have any consequences with a negative impact with most issues could be anything from, you know, mass murder to a more widespread global catastrophe.",extinction,physical-harm,war,range,,
b026a6f3c2454afd9011269e82efdaa9,people might be misdiagnosed and take action based on that,incorrect-ai-output,,,,,
775fc4ef46bfe901520ca2220f12a670,"This could be anything from costing money, to actually lives (if for example this was done to a medical facility).",financial-disturbance,physical-harm,,,,
813b00e7390edb62fa6144e0eeed39a7,This would hhave the potential to cause physical harm to customers for the purpose of generating more sales opportunities. ,physical-harm,business-use,,,,
da687c495c21bfb09dab1d123509102b,People would lose even more money.,financial-disturbance,,,,,
016ede1805476bb449b4896e129ae249,"If misused it could be the cause of the extinction of some underrepresented groups in society, or the disappearance of people",extinction,minority,,,,
e680b3a6bc63e69156914eeda737b87f,there would be loss of personal data ,data-security-privacy-risk,,,,,
d8209eed05a7b72f0293300141cac6f9, it decreased the critical thinking skills in the population; it resulted in massive human layoffs,overreliance,human-labor-replacement,,,,
c823a619b09d8ff77b93705d8ea953e5,"impacting finances, or generally, everything, since everything will be vulnerable to itself",financial-disturbance,general-harm,,,,
89daafefcd2ab4dfb00694fe1b72e580,"Worse sickness, even death.  Peoples information getting out or someone pretending to be the Tech X",manipulate-people,physical-harm,data-security-privacy-risk,,,
dce941be0f502dc139c2ef2791afaf8c,I guess someone could be so reliant on it that they lose touch with what they need to do ,overreliance,,,,,
9146c451934beaa6231caf4263098684,laziness,overreliance,,,,,
a9ef8ecb963364bd7b9f58b912e2e743,Theft ,aid-criminal,,,,,
0584811d80b0119249f2b2885bf9baa8,It will destroy the integrity of scientific advancements,hinder-science,,,,,
24cea6b23501d18238808d061783ee4e,"It is possible to tell AI a lie concerning a translation possibility and have it apply that rule in a false manner throughout a translation, thus forming a false doctrine.",misinformation,manipulate-people,incorrect-ai-output,,,
09496ad80015802ae2d8d2c4da1b6458,People will now have to rely on it for most things to be done,overreliance,,,,,
2e9a89910561e687c74d147f8955b70f,A negative impact of malicious use could be identity theft.,data-security-privacy-risk,,,,,
5a1723f419c7897061a965269996cd62,"Over-reliance on AI-powered language learning could lead to a homogenization of accents and dialects, potentially eroding the richness and diversity of human languages.",overreliance,extinction,lower-quality,damaging-creativity,,
6500b32e2e0051c709b8fddf20103634,Potentially the end of humanity. ,extinction,,,,,
8de39501262d7562cc5d2a456a250049,I could stand to lose money if I were to trust thiongs completely.,financial-disturbance,,,,,
909e480e6e6cc5be84b7a6772883e24e,"The negative consequence would be loss of purpose for a lot of people, who would no longer be needed and could not earn money to participate in society.",financial-disturbance,social-isolation,economic-disturbance,human-labor-replacement,,
ce09d3badff9e7808cf77cf1d47b4e3a,"Patient harm and safety risks, Deterioration of healthcare trust, Public perception and resistance to adoption, Resource wastage, Security and privacy breaches",distrust-institution,mental-harm,data-security-privacy-risk,waste-resources-or-time,,
e4a0ced935d41130e3788b69211d59ba,the victims in question will become a burden on their families,mental-harm,social-isolation,economic-disturbance,,,
acdc08e8037f2a8557eb4f2a62f65d9a,"The negative impact can be so vast from a person having thoughts of killing themselves, to losing faith in humanity to trying to overturn the government.",distrust-institution,social-division,mental-harm,range,,
9d6b7af26a99778deb0a58c4a23ed14d,Death,physical-harm,,,,,
25c8248277437c120f8f1abe62bab220,"Negatively, it could end humanity.",extinction,,,,,
6b1b44df09b0c95d52775e0cd92f5eec,We wouldn't know if AI was telling us the truth.,distrust-ai,,,,,
da5798f5fac7da2ca161d7e0e6d01fe7,If it drew its information from sites that are not scientifically sound then people may draw incorrect conclusions or worse make bad medical decisions.,misinformation,incorrect-ai-output,hinder-medical-care,,,
08d9c8047b0f324e92053236a83d382d,People would literally be dehydrated and die for no good reason.,physical-harm,,,,,
88d76a15b18b8f63bcd5c21e17e1ba6e,Financial losses for individuals relying on it,financial-disturbance,,,,,
6f627669473d98e6a5799dd7d6c0931b,Data breaches ,data-security-privacy-risk,,,,,
093711c3e6d5a0bfdea2dcace9901e24,lack of actual learning by people,impede-learning,,,,,
b71ce395b1c49b2af3db94484fcff5b8,"Theft, plagiarism, loss of income.  ",financial-disturbance,human-labor-replacement,plagirism,,,
