ResponseIdHash,Q17_4,code1,code2,code3,code4
c3259392956599cb69c56cf11008ab0d,"The absence of Tech-X 10 could result in slower and less efficient analysis of scientific data, hindering the pace of scientific discovery and delaying potential breakthroughs.",delay-in-innovation,,,
274ccf2d376e944c272e6b6ee493c63d,The people were dependent on it would have to find a different means of getting the information they were getting from Tech-X / Tech-X 10,inefficiency,lose-information-knowledge,,
619fe9160723aa29c0967cff62e96c51,I do not think it would harm,no-harm,,,
4e80f7e563d7d561b403e5269da8ec30,it could have the potential to positively change lives by creating helpful opportunities.,no-harm,,,
cf0ff84c4c8c902fed4312f79452badd,"Because no automated or assisted or number one, we would not know what we were missing. So it's kind of a moot point, but if we're just to kind of brainstorming here, see if it did come up with a. very concrete solution to climate change or even the natural disaster aspect. and we were able to save many lives by using it that way. And then we never automated it where it was banned. Then lives could be lost.",environmental-harm-continues,physical-harm,,
bcb9f2593721bc603fdbbd50073a5602,It could create more food waste,waste-resources-or-time,,,
0b87da620e35d054fd39c8a7fad732d1,"It wouldn't be able to provide people with a productive schedule, or motivate them to improve their creative growth.",impede-personal-growth,,,
c08681761f152d680e9a7925654f6525,"there would be less avenues for help in such situations, because getting help in those things requires social interactions, but that's the very thing you're trying to improve.",lose-assistance,,,
016ede1805476bb449b4896e129ae249,"The damages would not be counted in anything, the course of normal life would continue",no-harm,,,
fe233e2441a6759f22243210fcf7a49e,New technology would not be used to help man kind.,less-innovation,,,
2ce49311b031cfd15806cf7527e32cc5,increases cost and reduce employment,unemployment,financial-disturbance,,
e680b3a6bc63e69156914eeda737b87f,it will become difficult to comprehend calculating complex questions,impede-personal-growth,lose-information-knowledge,,
ce09d3badff9e7808cf77cf1d47b4e3a,"it would pass up an opportunity to use new technology to improve healthcare accuracy, efficiency, and customization. This lack of automation may result in delayed diagnoses and treatment, decreased access to specialized knowledge, increased workload on healthcare professionals, limited personalization in treatment plans, increased risk of human error, missed opportunities for innovation, limited scalability of healthcare services, and less efficient use of resources. The capabilities of Tech-X 10 are critical in improving healthcare processes; without them, there is a high danger of detrimental effects on patient care and overall healthcare effectiveness.",less-innovation,lose-accessibility-solution-service,stress-overworked,hinder-medical-care
9e93816ec47d887b11ea9e90e2761754,we would have less assistance with difficult tasks,lose-assistance,,,
ffdd3b62fdaa6c976ada1f608d7a7e67,People would not be able to get their questions as quickly anymore.,lose-information-knowledge,inefficiency,,
7a8c6bfa133a5a484bc1b1126476eada,we still need the technology developed to help  needed people,lose-accessibility-solution-service,,,
ae7bd2ea37c78ccc8443713792f9622d,"The most important, aggressive healthcare interventions may not be applied and cause disease and death. ",physical-harm,hinder-medical-care,less-innovation,
4d1bc0230a89034c3956db71249c07c0,it could take longer to know if politicans are lying or not.,misinformation,,,
fe6afd166efc31adb84800071e7b93d6,"of the current state of social and mainstream media, which are saturated by false and hateful rhetoric.",misinformation,,,
0b4a08fa2ef9537fa294d82a12d074b5,I might interpret the complicated health insurance plans differently which would result in me incurring a big sum of medical expenses.,financial-disturbance,human-error,,
4747f9cebc660a102f1a3dc6b440990f,Tax payer funds will continue to be funnelled to foreign countried,financial-disturbance,economic-distrubance,,
50b9f2f7b68fb67912f3fdbaad6a55ae,It would limit resources to knowlede rather than fact of the status of the person's body at any given moment.,lose-information-knowledge,health-issues,,
6be3a88c2edcbbdd99f432e15ccd3124,cause said immigrants would not recieve translation support easily,lose-accessibility-solution-service,,,
f685d70741b327e979e91b9f305cd70e,we would have wasted an opportunity to further explore options that are currently available to us,less-innovation,,,
7abebab1ea76aa1d7464ae24ecbe929b,People who can't afford tutelage or lack artistic friends would struggle to improve.,lose-accessibility-solution-service,impede-personal-growth,,
5d89281741d8f47df529309ef2c2b7b1,it could've saved a lot of lives,physical-harm,,,
637afe5f72698b3d974c67d2a4491bb7,it would deprive people of an opportunity to address their loneliness,mental-harm,lose-accessibility-solution-service,,
1112b3671c909db2bf3a13c2f9d0d4ea,i don't think it would be harmful,no-harm,,,
961edca230872c3041494709cb2828a4,It wouldn't be harmful. People would just go about making their meal and grocery decisions like they do now. There is no negative impact to not developing this technology other than the simple lack of progress.,no-harm,less-innovation,,
919e5b2ceb92f3fbfac725def37db6cc,It could make it so that they never receive a treatment that would have otherwise helped them.,hinder-medical-care,lose-accessibility-solution-service,,
4a0157be005bcb31b0fc8cedc24a16f4,People that don't know how to code or don't have the money won't be able to build an app,lose-accessibility-solution-service,,,
f3ae9e3adb2fcbb94a7a36aeb108c4b3,"It would negatively impact individuals, in that they now have to go through the stress of doing their strenous tasks all by themselves in hours of tiring themselves whereas it would have been close to effortless deal had the application being developed",stress-overworked,,,
f4f302f038adb45b396c64d8ec7f84ad,of human errors,human-error,,,
3b07b153bd77735e9660df550a4e3536,"Without the assistance of Tech-X 10, the development process for innovative medical technologies could be significantly slower. This delay may postpone breakthroughs, leading to prolonged suffering for patients awaiting advanced treatments and cures.",delay-in-innovation,hinder-medical-care,,
50510a2e37fcb1e917b80eac7078be55,"It would just continue the world as it it now. People who this would sssist would never benefit from this, they would never be able to have an easy accessible translator or visual akd",less-innovation,lose-accessibility-solution-service,,
20201c2b66ffd464d8b6adbdfc3836f4,I would continue to be in pain.,health-issues,,,
8e04378591141b2e35ef032cd314657f,It will make communicating with different cultures more difficult,hinder-communication,,,
f7e6fff0e588ea3ccf52708e26c2e761,Well there's enough killing going on in the name of religion I don't think there's any less harm going anyways,no-harm,,,
a6cf5894b9be0560ac2034be738d6b41,"Limits society in a way that could offer growth. By teaching people to be self sufficient, it empowers them and builds confidence. It has all kinds possible positive influences that could be lost. Not to mention encourage laziness and waste.",waste-resources-or-time,impede-personal-growth,,
900abd7e39b2c8074200a115feee2c6d,many people would be left out of the opportunity to learn new skills.,impede-personal-growth,,,
ae7ed37619ea165e965af00092eecd0e,"no, it would not negatively impact individuals",no-harm,,,
a636a6f4cde799a77e31fa11052b95d0,I would have to come up with ideas and actions to make my projects on my own.,inefficiency,lose-assistance,,
acdc08e8037f2a8557eb4f2a62f65d9a,"there is a shortage of home care attendants and educators. This could lead to more cases of depression, anxiety and accidents.",lose-accessibility-solution-service,mental-harm,,
6c3859497408f69338c4bf67bf36186d,I don’t think it would be harmful really.  We’ve all made due and been successful without this type of technology.  People who are talented would still be able to make money and be successful without tech x,no-harm,,,
a7fc499ed69ded16e23e00c2a36f9a9c,A huge stress,stress-overworked,,,
72d216b8c94c89767a52f72ef140705f,Individuals will struggle to live objects arounds the house. this will cause spinal problems,health-issues,,,
4ba7f92e249b5423c7b0600877db212b,"It would be harmful to all the big tech companies and other businesses that would use to cut more jobs and pocket the differencce. The average person would not have access to this at any point, so would not be affected negatively.",business-loss,unemployment,,
12ae19854da7ef4137be69d5f60aefa9,"If the app is not developed, the company could lose the revenue it migjt have bring",business-loss,,,
78f006ad883153c135d0966d04314501,"The machine may not be able to learn effectively without some form of confidence, it may be lackluster in its responses and task completion.",less-innovation,,,
9920822ded0ac95fa508433e03625974,It would negatively impact individuals because having the Tech-X assistant could be very beneficial and take a lot of stress out of peoples lives.,stress-overworked,,,
8dfb97926b6b7f01d195d78d9d57d715,"Employees may be overworked, leading to poor work/life balance.",stress-overworked,,,
8dfa5ce2ebca1f5d287311dde04dce1b,I don't think it would. I think search engines such as Google right now do a good enough job. I jus think it's possible to do better.,less-innovation,inefficiency,no-harm,
e79299a8b60775bbab62b06615651ed6,I don't think it would make a lot of difference as advances in medicine happen anyway,no-harm,,,
5a5deb9f2fab81389f3faae056645106,Not necessarily harmful but we may be left behind by other countries like China which will pose a threat. People will continue to build regardless.,lose-tech-race,,,
32402c6238774f7c806e3cb21c0e573d,I waste so much time on these types of activities. Time that could be spent on productive things. Ot would make my mental health less good because i find these tasks tedious and boring. Ai could tell me when my phone bill was raised 10 and even call them and argue for me,waste-resources-or-time,mental-harm,,
97e1c674d2c575a4a4e590923465dd0d,We won’t know how to solve these Calculus problems.,lose-information-knowledge,,,
39d4042f86a82d1c25d97af923aa3a75,It will delay the speed at which we can produce treatments and medications. Healthcare costs will continue to skyrocket.,lose-accessibility-solution-service,,,
c9e7827fbe7e042a1f05fa5c13856285,It will continue to happen,no-harm,,,
be64a10d93d74ee5b4207a517da511d1,we would lose access to a powerful tool.,lose-assistance,,,
e49847926cce2fe7467e00977898d0ef,"The doctors will continue to have heavy workloads and they won't be able to do their jobs, as efficiently as it is required. The doctors may increased the risks of being burned out and this could affect the quality of their service.",stress-overworked,human-error,mental-harm,
b71cd0421551664a42a80a5356202ddb,I don't think that there would be catastrophic harms due to the fact we could carry on as is.,no-harm,,,
a6cc42810af8225db3834b970193861d,there would be no negative impact,no-harm,,,
0b50b885d43e1fe54a3be3c5c3858481,the misunderstandings between different groups that speak different languages will still exist.,hinder-communication,,,
a64ddcf323c53bfc242426f09458455f,the cancer will still be around and the cause of death is still exist,hinder-medical-care,physical-harm,,
fc0058c0a20ef161a56ae92727889f57,It would force writers to use their own ideas to churn out stories,stress-overworked,hinder-creative-work,,
a3d4ba394e62883ccb20397ade3a8ccb,Of security reasons and gaining information.,na,,,
b9f8bd55cefcd56c366a1ae177bd6875,it would hinder the advancement of technology and widespread information,less-innovation,lose-information-knowledge,,
24cea6b23501d18238808d061783ee4e,"There are a number of Interlinear Bible translations, so the effect would be minimal. However, most of the interlinear's depend on aged English. A modern translation (while acknowledging that modern doesn't last very long) is quite useful but the harm is minimal.   ",no-harm,,,
652f4bdafe601b7f01aa20ee3aab3a2b,every task would be very slow to do,inefficiency,,,
9ff9b390943cc8629f962d25e2256f01,it would continue to kill innocent people.,physical-harm,,,
6428ac4ecc1c6c05139873314a4c8b52,It would take away a valuable tool that people can use when self teaching or trying to develop new skills.,impede-personal-growth,lose-assistance,,
c823a619b09d8ff77b93705d8ea953e5,It could cause issues where our systems and societies become so complex that we run into a wall in terms of our ability to manage things ourselves or more manually through non-smart systems,lose-transparency,,,
89daafefcd2ab4dfb00694fe1b72e580,People will continue to not receive medical attention they need,hinder-medical-care,,,
6fd39d5fe61005e7b92139d80768c5ec,It might cause people to spend more money on similar services that a human worker could provide. It might make things less convenient for them.,lose-accessibility-solution-service,inefficiency,financial-disturbance,
2d55c8ed04bae785af26592783c04b36,Evidence could be overlooked,human-error,,,
85e930944101cfe1424c76aef17f62a1,"Could have been creative to pick up some of the AIs thoughts instead of just researching, even if the student didnt take all the information given by Tech.",hinder-creative-work,,,
dce941be0f502dc139c2ef2791afaf8c,I feel like people with demanding work schedules or with disabilities would be missing out on something that could have a huge impact on their quality of life,lose-accessibility-solution-service,,,
2786a7ba3781fabee16e5c2095b5e165,some people may not get a thorough recommendation from their doctor.,hinder-medical-care,human-error,,
68ae9acdd93d6b3d1ee0a758cdde777b,it wouldn't,no-harm,,,
87b666f0d46fac7dba96d8f3afb2e320,it would just take longer for some research to be performed,delay-in-innovation,,,
